Stray Kids,Bang Chan,Lee Know,Changbin,Han,Felix,Hyunjin,IN,Seungmin,,
2PM ,Jun.K,Nichkhun,Taecyeon,Wooyoung,Chansung,Junho,,,,
BTS,RM,Jungkook,J.Hope,Taehyung,Jin,Suga,Jimin,,,
Way V,Winwin,Ten,Lucas,Yangyang,Hendery,Xiaojun,Kun,,,
SHINee,Onew,Minho,Key,Taemin,,,,,,
SuperM,Taemin,Lucas,Kai,Baekhyun,Ten,Taeyong,Mark,,,
Itzy,Ryujin,Lia,Chaeryeong,Yeji,Yuna,,,,,
TWICE,Jihyo,Nayeon,Momo,Sana,Mina,Dahyun,Chaeyoung,Jeongyeon,Tzuyu,
BlackPink,Lisa,Jisoo,Rose,Jennie,,,,,,
DreamCatcher,Yoohyeon,SuA,JiU,Handong,Dami,Gahyeon,Siyeon,,,
NCT 127,Taeyong,Mark,Jaehyun,Johnny,Haechan,Doyoung,Taeil,Yuta,Jungwoo,Taeyong
Everglow,Aisha,Onda,E:U,Yiren,Mia,Si-hyeon,,,,